term,meaning,region,category,example,phonetic
زول,شخص أو إنسان,khartoum,اسم / وصف,الزول دا طيب شديد,Zool
حبابك عشرة,ترحيب حار جداً ومضاعف بالضيف,khartoum,ترحيب / تحية,حبابك عشرة بلا كشرة تفضل داخل,Hababak Ashara
آزول,نداء للشخص بكل احترام وتودد,khartoum,نداء,آزول تعال هنا دقيقة,A Zool
شديد ونظيف,وصف للشيء الممتاز جداً أو الشخص الأنيق والصادق,khartoum,تعبير مجازي,الشغل دا طلع شديد ونظيف,Shadeed wa Nazeef
قاعد في أمان الله,في حال سكون وسلام دون إزعاج,khartoum,تعبير مجازي,كنت قاعد في أمان الله وفجأة جاني اتصال,Ga'ed fi aman Allah
عنقريب,سرير تقليدي سوداني مصنوع من الخشب والمحبوك بالحبال أو القماش,khartoum,أثاث وتراث,اتفضل استريح في العنقريب دا,Angareeb
بنسبرين,الماء البارد جداً المصحوب بالراحة (تعبير شعبي عن الانتعاش),khartoum,تعبير شعبية,جيب لينا كباية موية مثلجة بنسبرين,Bensabreen
أقيف على حيلك,قف وانتصب واقفاً,khartoum,أمر / حركة,أقيف على حيلك سلم على الضيوف,Ageef ala heelak
يا زول انتميت لشنو,ما هو أصلك أو وجهتك أو هدفك,khartoum,سؤال شعبي,يا زول انتميت لشنو في الموضوع دا؟,Ya zool antamait li shno
جبنة,قهوة سودانية تقليدية معتقة بالبهارات تُصنع في القلاية وتُصب في الفنجان,khartoum,مشروبات وتراث,تعال نشرب الجبنة في الضلاية,Jabana
سجم أمي,تعبير عن الصدمة أو الدهشة أو الحسرة,khartoum,تعبير عن المشاعر,سجم أمي النور قطع تاني!,Sajam Ummi
أبشر بالخير,عبارة تشجيع وتضامن وكرم سوداني أصيل,khartoum,ترحيب / كرم,أبشر بالخير والكرامة، حاجتك مقضية,Absher bil khair
يا حليل أيام زمان,التغني بالحنين والاشتياق للماضي الجميلة,khartoum,حنين / شعر,يا حليل أيام زمان واللمة الطيبة,Ya haleel ayam zaman
راكوبة,مظلة مصنوعة من القش والحطب توفر الظل والبرودة,khartoum,عمارة تقليدية,عدنا للجلسة تحت الراكوبة في العصرية,Rakooba
قدامك العافية,دعاء للشخص بالشفاء والسلامة والخير,khartoum,دعاء / تحية,سلامتك يا أخي وقدامك العافية,Gaddamak al aafiya
عوافي,تحية السلام والراحة والصحة والعافية,darfur,تحية,عوافي عليكم يا أهل الدار,Awafi
شِدِيدْ,بخير وصحة جيدة وقوة,darfur,حالة / وصف,كيف حالكم؟ - شديدين والحمد لله,Shadeed
حَبَابَكْ فِيمَا جِئْتَ,ترحيب كامل ومطلق بمقدم الضيف,darfur,ترحيب,حبابك فيما جئت ونورت الفاشر,Hababak feema ji'ta
تَكَلْ,المطبخ التقليدي المصنوع من القش والخشب للإعداد والمأكولات,darfur,مكان / تراث,الأكل جاهز في التكل تعالوا,Takal
الدامرة,المستقر والقرية الموسمية للمستقرين والرعاة,darfur,جغرافيا شعبية,وصلنا الدامرة قبل غروب الشمس,Al Damira
الفرقان,جمع فريق، وهي أحياء ومجموعات منازل العائلات المترابطة,darfur,جغرافيا شعبية,الفرقان في دارفور مترابطة وتشارك في كل المناسبات,Al Furgan
المَرْسُوعْ,الطبق التقليدي المصنوع بعناية لتقديم عصيدة الدخن,darfur,أواني ومأكولات,قدموا العصيدة في المرسوع الكبيرة,Al Marsoo'
عصيدة الدخن,الوجبة الرئيسة والتاريخية في دارفور المصنوعة من طحين الدخن الصحي,darfur,مأكولات شعبية,عصيدة الدخن مع المراس هي القوت الرئيسي,AseEDAT al Dukhn
الكَمَالتِي,المكافأة أو العطاء الإضافي إكراماً وتقديراً,darfur,كرم / تقاليد,أعطاه الكمالتي فوق حقه إكراماً له,Al Kamalti
دار صباح,مصطلح يشير للخرطوم والمناطق الشرقية والوسطى بالسودان,darfur,اتجاهات / جغرافيا,مسافرين دار صباح الأسبوع الجاي,Dar Sabah
أَبُو جَالُوفْ,لقب يطلق على الرجل الشجاع والكريم القوي,kordofan,صفة / مدح,ود أب جالوف ما برجع الضيف خايب,Abu Jaloof
المردوم,الرقصة والغناء التراثي الإيقاعي الشهير في كردفان,kordofan,فنون وتراث,ضربوا إيقاع المردوم في الحفلة والناس فرحانة,Al Mardoom
جَرَّارِي,نوع من الغناء والتراث البدوي الوجداني الأصيل بكردفان,kordofan,فنون وتراث,غنى صوت الجراري في صحراء كردفان,Jarrari
القُرَاضَة,الصمغ العربي الممتاز الناتج من أشجار الهشاب,kordofan,طبيعة وزراعة,كردفان هي موطن الصمغ العربي والقراضة الممتازة,Al Guradha
البَخْسَة,وعاء تقليدي مصنوع من القرع اليابس لحفظ وتبريد اللبن الرائب,kordofan,أواني وتراث,اللبن الرائب بارد في البخسة,Al Bakhsa
حَبَابْ المَنْقُوقْ,أهلاً وسهلاً بالشخص العزيز القادم من سفر بعيد,kordofan,ترحيب,حباب المنقوق اللي جانا بعد غيبة,Habab al Mangooq
شَجَرَة الهَشَابْ,الشجرة التاريخية المصدرة لأجود أنواع الصمغ العربي في العالم,kordofan,طبيعة وزراعة,غابات الهشاب تمتد في عروس الرمل الأبيض,Shajarat al Hashab
السَّعِينْ,قربة الجلد المصنوعة لحفظ الماء البارد أثناء التنقل,kordofan,أواني وتراث,شربنا من السعين موية عذبة وباردة,Al Sa'een
دابايوا,تحية السلام والترحيب بلغة البجا (البداويت) في شرق السودان,eastern,تحية / لغة بجاوية,دابايوا بكل زائر لمدينة كسلا والشرق,Dabaywa
دابايوا هَضَلْبَا,مرحباً بكم وأهلاً وسهلاً بأعلى درجات الحفاوة,eastern,ترحيب بجاوي,دابايوا هضلبا في جبال التاكا,Dabaywa Hadalba
السِّيفَابْ,النسمات والرياح العليلة الباردة القادمة من جهة البحر والجبال,eastern,طبيعة وثقافة,السيفاب عليل في عصريات كسلا,Al Seefab
السَّمْبَلْ,الجمال والأناقة والهدوء في المشي والحركة,eastern,صفة شعبية,زول سمبل ومحترم في تعامله,Al Sambal
جَبَنَة الشَّرْقْ,طريقة إعداد القهوة البجاوية في الجبنة الفخارية مع الزنجبيل والبهارات,eastern,مشروبات وتراث,جبنة الشرق بالزنجبيل ما ليها مثيل,Jabana al Sharq
جَبَل التَّاكَا,المعلم الطبيعي والتاريخي الأبرز بمدينة كسلا بشرق السودان,eastern,معالم ومعتقدات,جبل التاكا يزين مدينة كسلا الشامخة,Jabal al Taka
السِّدْرَة,جلسة التسامح والشورى بين شيوخ القبائل لحل القضايا,eastern,إدارة شعبية / أعراف,اجتمع الشيوخ في السدرة لحل المشكلة بالود,Al Sidra
مسكاقمي,تحية السلام بالنوبية (الدنقلاوية والمحسية والنوبين) وتعني: كيف حالكم؟,northern,تحية نوبية,مسكاقمي يا أهلنا في دنقلا وحلفا,Meskaqmi
إيقا كويي,عبارة بالنوبية تعني: هل أنت بخير وبصحة جيدة؟,northern,سؤال عن الحال,إيقا كويي؟ - الحمد لله كويي شديد,Iga Kooyee
إسي,الماء بالنوبية (الرطانة النوبية الأصيلة),northern,كلمات نوبية,جيب لينا إسي بارد نشرب,Essi
إكسي,الطعام والعيش بالنوبية,northern,كلمات نوبية,الإكسي جاهز اتفضلوا للغداء,Eksi
أميتي,الأخ أو الصديق العزيز بالنوبية,northern,علاقات ومحبة,يا أميتي حبابك في بلدك,Ameeti
تربل,المزارع الصبور الفلاح المرتبط بالأرض والنيل في الشمال,northern,مهن وتراث,التربل يصحى من الفجر لخدمة الجرف والنخيل,Turbal
السَّاقِيَة,الآلة المائية التاريخية المبتكرة في الشمال لرفع مياه النيل لزراعة الضفاف,northern,تراث وزراعة,صوت الساقية نغم سوداني أصيل في الشمال,Al Saqia
الجُرُفْ,الأرض الخصبة المتاخمة لشاطئ النيل التي تظهر بعد انحسار الفيضان,northern,زراعة وجغرافيا,زرعنا اللوبيا والخضار في الجرف,Al Juruf
الكُولِي,المفتاح الخشبي التقليدي للبيوت النوبية القديمة,northern,أدوات وتراث,قفل الباب بالكولي الخشبي القديم,Al Kooli
القَرَقُورْ,الزورق والقارب الصغير المخصص للتنقل والصيد بالنيل,northern,ملاحة نيلية,عبرنا النيل بالقرقور للضفة الغربية,Al Qaragoor
التَّقَرّابْ,جلسة التآنس السمرية الشتوية حول النار والنخيل,northern,تقاليد اجتماعية,اتجمعنا في التقّراب مع كبار السن نحكي القصص,Al Taqarrab
