id,region,category,topic,query,response,source
1,khartoum,general,greetings,تحدث عن greetings في إقليم khartoum بالسودان والمعنى/الأهمية المرتبطة به.,,curated
2,khartoum,general,greetings,تحدث عن greetings في إقليم khartoum بالسودان والمعنى/الأهمية المرتبطة به.,,curated
3,khartoum,general,vocabulary,تحدث عن vocabulary في إقليم khartoum بالسودان والمعنى/الأهمية المرتبطة به.,,curated
4,khartoum,general,vocabulary,تحدث عن vocabulary في إقليم khartoum بالسودان والمعنى/الأهمية المرتبطة به.,,curated
5,khartoum,general,vocabulary,تحدث عن vocabulary في إقليم khartoum بالسودان والمعنى/الأهمية المرتبطة به.,,curated
6,khartoum,general,vocabulary,تحدث عن vocabulary في إقليم khartoum بالسودان والمعنى/الأهمية المرتبطة به.,,curated
7,khartoum,general,vocabulary,تحدث عن vocabulary في إقليم khartoum بالسودان والمعنى/الأهمية المرتبطة به.,,curated
8,khartoum,general,vocabulary,تحدث عن vocabulary في إقليم khartoum بالسودان والمعنى/الأهمية المرتبطة به.,,curated
9,khartoum,general,proverbs,تحدث عن proverbs في إقليم khartoum بالسودان والمعنى/الأهمية المرتبطة به.,,curated
10,khartoum,general,proverbs,تحدث عن proverbs في إقليم khartoum بالسودان والمعنى/الأهمية المرتبطة به.,,curated
11,khartoum,general,proverbs,تحدث عن proverbs في إقليم khartoum بالسودان والمعنى/الأهمية المرتبطة به.,,curated
12,khartoum,general,culture,تحدث عن culture في إقليم khartoum بالسودان والمعنى/الأهمية المرتبطة به.,,curated
13,khartoum,general,culture,تحدث عن culture في إقليم khartoum بالسودان والمعنى/الأهمية المرتبطة به.,,curated
14,darfur,general,greetings,تحدث عن greetings في إقليم darfur بالسودان والمعنى/الأهمية المرتبطة به.,,curated
15,darfur,general,greetings,تحدث عن greetings في إقليم darfur بالسودان والمعنى/الأهمية المرتبطة به.,,curated
16,darfur,general,vocabulary,تحدث عن vocabulary في إقليم darfur بالسودان والمعنى/الأهمية المرتبطة به.,,curated
17,darfur,general,vocabulary,تحدث عن vocabulary في إقليم darfur بالسودان والمعنى/الأهمية المرتبطة به.,,curated
18,darfur,general,vocabulary,تحدث عن vocabulary في إقليم darfur بالسودان والمعنى/الأهمية المرتبطة به.,,curated
19,darfur,general,vocabulary,تحدث عن vocabulary في إقليم darfur بالسودان والمعنى/الأهمية المرتبطة به.,,curated
20,darfur,general,vocabulary,تحدث عن vocabulary في إقليم darfur بالسودان والمعنى/الأهمية المرتبطة به.,,curated
21,darfur,general,proverbs,تحدث عن proverbs في إقليم darfur بالسودان والمعنى/الأهمية المرتبطة به.,,curated
22,darfur,general,proverbs,تحدث عن proverbs في إقليم darfur بالسودان والمعنى/الأهمية المرتبطة به.,,curated
23,darfur,general,geography,تحدث عن geography في إقليم darfur بالسودان والمعنى/الأهمية المرتبطة به.,,curated
24,darfur,general,culture,تحدث عن culture في إقليم darfur بالسودان والمعنى/الأهمية المرتبطة به.,,curated
25,kordofan,general,greetings,تحدث عن greetings في إقليم kordofan بالسودان والمعنى/الأهمية المرتبطة به.,,curated
26,kordofan,general,greetings,تحدث عن greetings في إقليم kordofan بالسودان والمعنى/الأهمية المرتبطة به.,,curated
27,kordofan,general,vocabulary,تحدث عن vocabulary في إقليم kordofan بالسودان والمعنى/الأهمية المرتبطة به.,,curated
28,kordofan,general,vocabulary,تحدث عن vocabulary في إقليم kordofan بالسودان والمعنى/الأهمية المرتبطة به.,,curated
29,kordofan,general,vocabulary,تحدث عن vocabulary في إقليم kordofan بالسودان والمعنى/الأهمية المرتبطة به.,,curated
30,kordofan,general,vocabulary,تحدث عن vocabulary في إقليم kordofan بالسودان والمعنى/الأهمية المرتبطة به.,,curated
31,kordofan,general,vocabulary,تحدث عن vocabulary في إقليم kordofan بالسودان والمعنى/الأهمية المرتبطة به.,,curated
32,kordofan,general,proverbs,تحدث عن proverbs في إقليم kordofan بالسودان والمعنى/الأهمية المرتبطة به.,,curated
33,kordofan,general,proverbs,تحدث عن proverbs في إقليم kordofan بالسودان والمعنى/الأهمية المرتبطة به.,,curated
34,kordofan,general,culture,تحدث عن culture في إقليم kordofan بالسودان والمعنى/الأهمية المرتبطة به.,,curated
35,eastern,general,greetings,تحدث عن greetings في إقليم eastern بالسودان والمعنى/الأهمية المرتبطة به.,,curated
36,eastern,general,greetings,تحدث عن greetings في إقليم eastern بالسودان والمعنى/الأهمية المرتبطة به.,,curated
37,eastern,general,vocabulary,تحدث عن vocabulary في إقليم eastern بالسودان والمعنى/الأهمية المرتبطة به.,,curated
38,eastern,general,vocabulary,تحدث عن vocabulary في إقليم eastern بالسودان والمعنى/الأهمية المرتبطة به.,,curated
39,eastern,general,vocabulary,تحدث عن vocabulary في إقليم eastern بالسودان والمعنى/الأهمية المرتبطة به.,,curated
40,eastern,general,vocabulary,تحدث عن vocabulary في إقليم eastern بالسودان والمعنى/الأهمية المرتبطة به.,,curated
41,eastern,general,proverbs,تحدث عن proverbs في إقليم eastern بالسودان والمعنى/الأهمية المرتبطة به.,,curated
42,eastern,general,proverbs,تحدث عن proverbs في إقليم eastern بالسودان والمعنى/الأهمية المرتبطة به.,,curated
43,eastern,general,culture,تحدث عن culture في إقليم eastern بالسودان والمعنى/الأهمية المرتبطة به.,,curated
44,northern,general,greetings,تحدث عن greetings في إقليم northern بالسودان والمعنى/الأهمية المرتبطة به.,,curated
45,northern,general,greetings,تحدث عن greetings في إقليم northern بالسودان والمعنى/الأهمية المرتبطة به.,,curated
46,northern,general,vocabulary,تحدث عن vocabulary في إقليم northern بالسودان والمعنى/الأهمية المرتبطة به.,,curated
47,northern,general,vocabulary,تحدث عن vocabulary في إقليم northern بالسودان والمعنى/الأهمية المرتبطة به.,,curated
48,northern,general,vocabulary,تحدث عن vocabulary في إقليم northern بالسودان والمعنى/الأهمية المرتبطة به.,,curated
49,northern,general,vocabulary,تحدث عن vocabulary في إقليم northern بالسودان والمعنى/الأهمية المرتبطة به.,,curated
50,northern,general,vocabulary,تحدث عن vocabulary في إقليم northern بالسودان والمعنى/الأهمية المرتبطة به.,,curated
51,northern,general,vocabulary,تحدث عن vocabulary في إقليم northern بالسودان والمعنى/الأهمية المرتبطة به.,,curated
52,northern,general,vocabulary,تحدث عن vocabulary في إقليم northern بالسودان والمعنى/الأهمية المرتبطة به.,,curated
53,northern,general,vocabulary,تحدث عن vocabulary في إقليم northern بالسودان والمعنى/الأهمية المرتبطة به.,,curated
54,northern,general,vocabulary,تحدث عن vocabulary في إقليم northern بالسودان والمعنى/الأهمية المرتبطة به.,,curated
55,northern,general,vocabulary,تحدث عن vocabulary في إقليم northern بالسودان والمعنى/الأهمية المرتبطة به.,,curated
56,northern,general,vocabulary,تحدث عن vocabulary في إقليم northern بالسودان والمعنى/الأهمية المرتبطة به.,,curated
57,northern,general,proverbs,تحدث عن proverbs في إقليم northern بالسودان والمعنى/الأهمية المرتبطة به.,,curated
58,northern,general,proverbs,تحدث عن proverbs في إقليم northern بالسودان والمعنى/الأهمية المرتبطة به.,,curated
59,northern,general,culture,تحدث عن culture في إقليم northern بالسودان والمعنى/الأهمية المرتبطة به.,,curated
60,khartoum,general,vocabulary,تحدث عن vocabulary في إقليم khartoum بالسودان والمعنى/الأهمية المرتبطة به.,,Wikipedia (اللهجة_السودانية)
61,khartoum,general,vocabulary,تحدث عن vocabulary في إقليم khartoum بالسودان والمعنى/الأهمية المرتبطة به.,,Wikipedia (اللهجة_السودانية)
62,khartoum,general,vocabulary,تحدث عن vocabulary في إقليم khartoum بالسودان والمعنى/الأهمية المرتبطة به.,,Wikipedia (اللهجة_السودانية)
63,khartoum,general,vocabulary,تحدث عن vocabulary في إقليم khartoum بالسودان والمعنى/الأهمية المرتبطة به.,,Wikipedia (اللهجة_السودانية)
64,khartoum,general,vocabulary,تحدث عن vocabulary في إقليم khartoum بالسودان والمعنى/الأهمية المرتبطة به.,,Wikipedia (اللهجة_السودانية)
65,khartoum,general,vocabulary,تحدث عن vocabulary في إقليم khartoum بالسودان والمعنى/الأهمية المرتبطة به.,,Wikipedia (اللهجة_السودانية)
66,khartoum,general,vocabulary,تحدث عن vocabulary في إقليم khartoum بالسودان والمعنى/الأهمية المرتبطة به.,,Wikipedia (اللهجة_السودانية)
67,khartoum,general,vocabulary,تحدث عن vocabulary في إقليم khartoum بالسودان والمعنى/الأهمية المرتبطة به.,,Wikipedia (اللهجة_السودانية)
68,khartoum,general,vocabulary,تحدث عن vocabulary في إقليم khartoum بالسودان والمعنى/الأهمية المرتبطة به.,,Wikipedia (اللهجة_السودانية)
69,khartoum,general,vocabulary,تحدث عن vocabulary في إقليم khartoum بالسودان والمعنى/الأهمية المرتبطة به.,,Wikipedia (اللهجة_السودانية)
70,khartoum,general,vocabulary,تحدث عن vocabulary في إقليم khartoum بالسودان والمعنى/الأهمية المرتبطة به.,,Wikipedia (اللهجة_السودانية)
71,khartoum,general,vocabulary,تحدث عن vocabulary في إقليم khartoum بالسودان والمعنى/الأهمية المرتبطة به.,,Wikipedia (اللهجة_السودانية)
72,khartoum,general,vocabulary,تحدث عن vocabulary في إقليم khartoum بالسودان والمعنى/الأهمية المرتبطة به.,,Wikipedia (اللهجة_السودانية)
73,kordofan,general,culture,تحدث عن culture في إقليم kordofan بالسودان والمعنى/الأهمية المرتبطة به.,,Wikipedia (كردفان)
74,kordofan,general,culture,تحدث عن culture في إقليم kordofan بالسودان والمعنى/الأهمية المرتبطة به.,,Wikipedia (كردفان)
75,kordofan,general,culture,تحدث عن culture في إقليم kordofan بالسودان والمعنى/الأهمية المرتبطة به.,,Wikipedia (كردفان)
76,kordofan,general,culture,تحدث عن culture في إقليم kordofan بالسودان والمعنى/الأهمية المرتبطة به.,,Wikipedia (كردفان)
77,kordofan,general,culture,تحدث عن culture في إقليم kordofan بالسودان والمعنى/الأهمية المرتبطة به.,,Wikipedia (كردفان)
78,kordofan,general,culture,تحدث عن culture في إقليم kordofan بالسودان والمعنى/الأهمية المرتبطة به.,,Wikipedia (كردفان)
79,kordofan,general,culture,تحدث عن culture في إقليم kordofan بالسودان والمعنى/الأهمية المرتبطة به.,,Wikipedia (كردفان)
80,kordofan,general,culture,تحدث عن culture في إقليم kordofan بالسودان والمعنى/الأهمية المرتبطة به.,,Wikipedia (كردفان)
81,kordofan,general,culture,تحدث عن culture في إقليم kordofan بالسودان والمعنى/الأهمية المرتبطة به.,,Wikipedia (كردفان)
82,kordofan,general,culture,تحدث عن culture في إقليم kordofan بالسودان والمعنى/الأهمية المرتبطة به.,,Wikipedia (كردفان)
83,kordofan,general,culture,تحدث عن culture في إقليم kordofan بالسودان والمعنى/الأهمية المرتبطة به.,,Wikipedia (كردفان)
84,kordofan,general,culture,تحدث عن culture في إقليم kordofan بالسودان والمعنى/الأهمية المرتبطة به.,,Wikipedia (كردفان)
85,kordofan,general,culture,تحدث عن culture في إقليم kordofan بالسودان والمعنى/الأهمية المرتبطة به.,,Wikipedia (كردفان)
86,kordofan,general,culture,تحدث عن culture في إقليم kordofan بالسودان والمعنى/الأهمية المرتبطة به.,,Wikipedia (كردفان)
87,kordofan,general,culture,تحدث عن culture في إقليم kordofan بالسودان والمعنى/الأهمية المرتبطة به.,,Wikipedia (كردفان)
88,eastern,general,culture,تحدث عن culture في إقليم eastern بالسودان والمعنى/الأهمية المرتبطة به.,,Wikipedia (البجا)
89,eastern,general,culture,تحدث عن culture في إقليم eastern بالسودان والمعنى/الأهمية المرتبطة به.,,Wikipedia (البجا)
90,eastern,general,culture,تحدث عن culture في إقليم eastern بالسودان والمعنى/الأهمية المرتبطة به.,,Wikipedia (البجا)
91,eastern,general,culture,تحدث عن culture في إقليم eastern بالسودان والمعنى/الأهمية المرتبطة به.,,Wikipedia (البجا)
92,eastern,general,culture,تحدث عن culture في إقليم eastern بالسودان والمعنى/الأهمية المرتبطة به.,,Wikipedia (البجا)
93,eastern,general,culture,تحدث عن culture في إقليم eastern بالسودان والمعنى/الأهمية المرتبطة به.,,Wikipedia (البجا)
94,eastern,general,culture,تحدث عن culture في إقليم eastern بالسودان والمعنى/الأهمية المرتبطة به.,,Wikipedia (البجا)
95,eastern,general,culture,تحدث عن culture في إقليم eastern بالسودان والمعنى/الأهمية المرتبطة به.,,Wikipedia (البجا)
96,eastern,general,culture,تحدث عن culture في إقليم eastern بالسودان والمعنى/الأهمية المرتبطة به.,,Wikipedia (البجا)
97,eastern,general,culture,تحدث عن culture في إقليم eastern بالسودان والمعنى/الأهمية المرتبطة به.,,Wikipedia (البجا)
98,eastern,general,culture,تحدث عن culture في إقليم eastern بالسودان والمعنى/الأهمية المرتبطة به.,,Wikipedia (البجا)
99,northern,general,vocabulary,تحدث عن vocabulary في إقليم northern بالسودان والمعنى/الأهمية المرتبطة به.,,Wikipedia (اللغة_النوبية)
100,northern,general,vocabulary,تحدث عن vocabulary في إقليم northern بالسودان والمعنى/الأهمية المرتبطة به.,,Wikipedia (اللغة_النوبية)
101,northern,general,vocabulary,تحدث عن vocabulary في إقليم northern بالسودان والمعنى/الأهمية المرتبطة به.,,Wikipedia (اللغة_النوبية)
102,northern,general,vocabulary,تحدث عن vocabulary في إقليم northern بالسودان والمعنى/الأهمية المرتبطة به.,,Wikipedia (اللغة_النوبية)
103,northern,general,vocabulary,تحدث عن vocabulary في إقليم northern بالسودان والمعنى/الأهمية المرتبطة به.,,Wikipedia (اللغة_النوبية)
104,northern,general,vocabulary,تحدث عن vocabulary في إقليم northern بالسودان والمعنى/الأهمية المرتبطة به.,,Wikipedia (اللغة_النوبية)
105,northern,general,vocabulary,تحدث عن vocabulary في إقليم northern بالسودان والمعنى/الأهمية المرتبطة به.,,Wikipedia (اللغة_النوبية)
106,northern,general,vocabulary,تحدث عن vocabulary في إقليم northern بالسودان والمعنى/الأهمية المرتبطة به.,,Wikipedia (اللغة_النوبية)
107,northern,general,vocabulary,تحدث عن vocabulary في إقليم northern بالسودان والمعنى/الأهمية المرتبطة به.,,Wikipedia (اللغة_النوبية)
108,northern,general,vocabulary,تحدث عن vocabulary في إقليم northern بالسودان والمعنى/الأهمية المرتبطة به.,,Wikipedia (اللغة_النوبية)
109,northern,general,vocabulary,تحدث عن vocabulary في إقليم northern بالسودان والمعنى/الأهمية المرتبطة به.,,Wikipedia (اللغة_النوبية)
110,darfur,general,geography,تحدث عن geography في إقليم darfur بالسودان والمعنى/الأهمية المرتبطة به.,,Wikipedia (جبل_مرة)
111,darfur,general,geography,تحدث عن geography في إقليم darfur بالسودان والمعنى/الأهمية المرتبطة به.,,Wikipedia (جبل_مرة)
112,darfur,general,geography,تحدث عن geography في إقليم darfur بالسودان والمعنى/الأهمية المرتبطة به.,,Wikipedia (جبل_مرة)
113,darfur,general,geography,تحدث عن geography في إقليم darfur بالسودان والمعنى/الأهمية المرتبطة به.,,Wikipedia (جبل_مرة)
114,darfur,general,geography,تحدث عن geography في إقليم darfur بالسودان والمعنى/الأهمية المرتبطة به.,,Wikipedia (جبل_مرة)
115,darfur,general,geography,تحدث عن geography في إقليم darfur بالسودان والمعنى/الأهمية المرتبطة به.,,Wikipedia (جبل_مرة)
116,darfur,general,geography,تحدث عن geography في إقليم darfur بالسودان والمعنى/الأهمية المرتبطة به.,,Wikipedia (جبل_مرة)
117,darfur,general,geography,تحدث عن geography في إقليم darfur بالسودان والمعنى/الأهمية المرتبطة به.,,Wikipedia (جبل_مرة)
118,darfur,general,geography,تحدث عن geography في إقليم darfur بالسودان والمعنى/الأهمية المرتبطة به.,,Wikipedia (جبل_مرة)
119,khartoum,general,culture,تحدث عن culture في إقليم khartoum بالسودان والمعنى/الأهمية المرتبطة به.,,Wikipedia (الخرطوم)
120,khartoum,general,culture,تحدث عن culture في إقليم khartoum بالسودان والمعنى/الأهمية المرتبطة به.,,Wikipedia (الخرطوم)
121,khartoum,general,culture,تحدث عن culture في إقليم khartoum بالسودان والمعنى/الأهمية المرتبطة به.,,Wikipedia (الخرطوم)
122,khartoum,general,culture,تحدث عن culture في إقليم khartoum بالسودان والمعنى/الأهمية المرتبطة به.,,Wikipedia (الخرطوم)
123,khartoum,general,culture,تحدث عن culture في إقليم khartoum بالسودان والمعنى/الأهمية المرتبطة به.,,Wikipedia (الخرطوم)
124,khartoum,general,culture,تحدث عن culture في إقليم khartoum بالسودان والمعنى/الأهمية المرتبطة به.,,Wikipedia (الخرطوم)
125,khartoum,general,culture,تحدث عن culture في إقليم khartoum بالسودان والمعنى/الأهمية المرتبطة به.,,Wikipedia (الخرطوم)
126,khartoum,general,culture,تحدث عن culture في إقليم khartoum بالسودان والمعنى/الأهمية المرتبطة به.,,Wikipedia (الخرطوم)
127,khartoum,general,culture,تحدث عن culture في إقليم khartoum بالسودان والمعنى/الأهمية المرتبطة به.,,Wikipedia (الخرطوم)
128,khartoum,general,culture,تحدث عن culture في إقليم khartoum بالسودان والمعنى/الأهمية المرتبطة به.,,Wikipedia (الخرطوم)
129,khartoum,general,culture,تحدث عن culture في إقليم khartoum بالسودان والمعنى/الأهمية المرتبطة به.,,Wikipedia (الخرطوم)
130,khartoum,general,culture,تحدث عن culture في إقليم khartoum بالسودان والمعنى/الأهمية المرتبطة به.,,Wikipedia (الخرطوم)
131,khartoum,general,culture,تحدث عن culture في إقليم khartoum بالسودان والمعنى/الأهمية المرتبطة به.,,Wikipedia (الخرطوم)
132,khartoum,general,culture,تحدث عن culture في إقليم khartoum بالسودان والمعنى/الأهمية المرتبطة به.,,Wikipedia (الخرطوم)
133,khartoum,general,culture,تحدث عن culture في إقليم khartoum بالسودان والمعنى/الأهمية المرتبطة به.,,Wikipedia (الخرطوم)
134,eastern,general,culture,تحدث عن culture في إقليم eastern بالسودان والمعنى/الأهمية المرتبطة به.,,Wikipedia (كسلا)
135,eastern,general,culture,تحدث عن culture في إقليم eastern بالسودان والمعنى/الأهمية المرتبطة به.,,Wikipedia (كسلا)
136,eastern,general,culture,تحدث عن culture في إقليم eastern بالسودان والمعنى/الأهمية المرتبطة به.,,Wikipedia (كسلا)
137,eastern,general,culture,تحدث عن culture في إقليم eastern بالسودان والمعنى/الأهمية المرتبطة به.,,Wikipedia (كسلا)
138,eastern,general,culture,تحدث عن culture في إقليم eastern بالسودان والمعنى/الأهمية المرتبطة به.,,Wikipedia (كسلا)
139,eastern,general,culture,تحدث عن culture في إقليم eastern بالسودان والمعنى/الأهمية المرتبطة به.,,Wikipedia (كسلا)
140,eastern,general,culture,تحدث عن culture في إقليم eastern بالسودان والمعنى/الأهمية المرتبطة به.,,Wikipedia (كسلا)
141,eastern,general,culture,تحدث عن culture في إقليم eastern بالسودان والمعنى/الأهمية المرتبطة به.,,Wikipedia (كسلا)
142,eastern,general,culture,تحدث عن culture في إقليم eastern بالسودان والمعنى/الأهمية المرتبطة به.,,Wikipedia (كسلا)
143,eastern,general,culture,تحدث عن culture في إقليم eastern بالسودان والمعنى/الأهمية المرتبطة به.,,Wikipedia (كسلا)
144,eastern,general,culture,تحدث عن culture في إقليم eastern بالسودان والمعنى/الأهمية المرتبطة به.,,Wikipedia (كسلا)
145,eastern,general,culture,تحدث عن culture في إقليم eastern بالسودان والمعنى/الأهمية المرتبطة به.,,Wikipedia (كسلا)
146,eastern,general,culture,تحدث عن culture في إقليم eastern بالسودان والمعنى/الأهمية المرتبطة به.,,Wikipedia (كسلا)
147,eastern,general,culture,تحدث عن culture في إقليم eastern بالسودان والمعنى/الأهمية المرتبطة به.,,Wikipedia (كسلا)
148,eastern,general,culture,تحدث عن culture في إقليم eastern بالسودان والمعنى/الأهمية المرتبطة به.,,Wikipedia (كسلا)
149,northern,general,culture,تحدث عن culture في إقليم northern بالسودان والمعنى/الأهمية المرتبطة به.,,Wikipedia (دنقلة)
150,northern,general,culture,تحدث عن culture في إقليم northern بالسودان والمعنى/الأهمية المرتبطة به.,,Wikipedia (دنقلة)
151,northern,general,culture,تحدث عن culture في إقليم northern بالسودان والمعنى/الأهمية المرتبطة به.,,Wikipedia (دنقلة)
152,northern,general,culture,تحدث عن culture في إقليم northern بالسودان والمعنى/الأهمية المرتبطة به.,,Wikipedia (دنقلة)
153,northern,general,culture,تحدث عن culture في إقليم northern بالسودان والمعنى/الأهمية المرتبطة به.,,Wikipedia (دنقلة)
154,northern,general,culture,تحدث عن culture في إقليم northern بالسودان والمعنى/الأهمية المرتبطة به.,,Wikipedia (دنقلة)
155,northern,general,culture,تحدث عن culture في إقليم northern بالسودان والمعنى/الأهمية المرتبطة به.,,Wikipedia (دنقلة)
156,northern,general,culture,تحدث عن culture في إقليم northern بالسودان والمعنى/الأهمية المرتبطة به.,,Wikipedia (دنقلة)
157,northern,general,culture,تحدث عن culture في إقليم northern بالسودان والمعنى/الأهمية المرتبطة به.,,Wikipedia (دنقلة)
158,northern,general,culture,تحدث عن culture في إقليم northern بالسودان والمعنى/الأهمية المرتبطة به.,,Wikipedia (دنقلة)
159,northern,general,culture,تحدث عن culture في إقليم northern بالسودان والمعنى/الأهمية المرتبطة به.,,Wikipedia (دنقلة)
160,northern,general,culture,تحدث عن culture في إقليم northern بالسودان والمعنى/الأهمية المرتبطة به.,,Wikipedia (دنقلة)
161,northern,general,culture,تحدث عن culture في إقليم northern بالسودان والمعنى/الأهمية المرتبطة به.,,Wikipedia (دنقلة)
162,northern,general,culture,تحدث عن culture في إقليم northern بالسودان والمعنى/الأهمية المرتبطة به.,,Wikipedia (دنقلة)
163,northern,general,culture,تحدث عن culture في إقليم northern بالسودان والمعنى/الأهمية المرتبطة به.,,Wikipedia (دنقلة)
164,kordofan,general,culture,تحدث عن culture في إقليم kordofan بالسودان والمعنى/الأهمية المرتبطة به.,,Wikipedia (الأبيض_(مدينة))
165,kordofan,general,culture,تحدث عن culture في إقليم kordofan بالسودان والمعنى/الأهمية المرتبطة به.,,Wikipedia (الأبيض_(مدينة))
166,kordofan,general,culture,تحدث عن culture في إقليم kordofan بالسودان والمعنى/الأهمية المرتبطة به.,,Wikipedia (الأبيض_(مدينة))
167,kordofan,general,culture,تحدث عن culture في إقليم kordofan بالسودان والمعنى/الأهمية المرتبطة به.,,Wikipedia (الأبيض_(مدينة))
168,kordofan,general,culture,تحدث عن culture في إقليم kordofan بالسودان والمعنى/الأهمية المرتبطة به.,,Wikipedia (الأبيض_(مدينة))
169,kordofan,general,culture,تحدث عن culture في إقليم kordofan بالسودان والمعنى/الأهمية المرتبطة به.,,Wikipedia (الأبيض_(مدينة))
170,kordofan,general,culture,تحدث عن culture في إقليم kordofan بالسودان والمعنى/الأهمية المرتبطة به.,,Wikipedia (الأبيض_(مدينة))
171,kordofan,general,culture,تحدث عن culture في إقليم kordofan بالسودان والمعنى/الأهمية المرتبطة به.,,Wikipedia (الأبيض_(مدينة))
172,kordofan,general,culture,تحدث عن culture في إقليم kordofan بالسودان والمعنى/الأهمية المرتبطة به.,,Wikipedia (الأبيض_(مدينة))
173,kordofan,general,culture,تحدث عن culture في إقليم kordofan بالسودان والمعنى/الأهمية المرتبطة به.,,Wikipedia (الأبيض_(مدينة))
174,kordofan,general,culture,تحدث عن culture في إقليم kordofan بالسودان والمعنى/الأهمية المرتبطة به.,,Wikipedia (الأبيض_(مدينة))
175,kordofan,general,culture,تحدث عن culture في إقليم kordofan بالسودان والمعنى/الأهمية المرتبطة به.,,Wikipedia (الأبيض_(مدينة))
176,kordofan,general,culture,تحدث عن culture في إقليم kordofan بالسودان والمعنى/الأهمية المرتبطة به.,,Wikipedia (الأبيض_(مدينة))
177,kordofan,general,culture,تحدث عن culture في إقليم kordofan بالسودان والمعنى/الأهمية المرتبطة به.,,Wikipedia (الأبيض_(مدينة))
178,kordofan,general,culture,تحدث عن culture في إقليم kordofan بالسودان والمعنى/الأهمية المرتبطة به.,,Wikipedia (الأبيض_(مدينة))
179,khartoum,اسم / وصف,زول,تحدث عن زول في إقليم khartoum بالسودان والمعنى/الأهمية المرتبطة به.,زول: تعني شخص أو إنسان. مثال: الزول دا طيب شديد.,sudanese_lexicon_db
180,khartoum,ترحيب / تحية,حبابك عشرة,تحدث عن حبابك عشرة في إقليم khartoum بالسودان والمعنى/الأهمية المرتبطة به.,حبابك عشرة: تعني ترحيب حار جداً ومضاعف بالضيف. مثال: حبابك عشرة بلا كشرة تفضل داخل.,sudanese_lexicon_db
181,khartoum,نداء,آزول,تحدث عن آزول في إقليم khartoum بالسودان والمعنى/الأهمية المرتبطة به.,آزول: تعني نداء للشخص بكل احترام وتودد. مثال: آزول تعال هنا دقيقة.,sudanese_lexicon_db
182,khartoum,تعبير مجازي,شديد ونظيف,تحدث عن شديد ونظيف في إقليم khartoum بالسودان والمعنى/الأهمية المرتبطة به.,شديد ونظيف: تعني وصف للشيء الممتاز جداً أو الشخص الأنيق والصادق. مثال: الشغل دا طلع شديد ونظيف.,sudanese_lexicon_db
183,khartoum,تعبير مجازي,قاعد في أمان الله,تحدث عن قاعد في أمان الله في إقليم khartoum بالسودان والمعنى/الأهمية المرتبطة به.,قاعد في أمان الله: تعني في حال سكون وسلام دون إزعاج. مثال: كنت قاعد في أمان الله وفجأة جاني اتصال.,sudanese_lexicon_db
184,khartoum,أثاث وتراث,عنقريب,تحدث عن عنقريب في إقليم khartoum بالسودان والمعنى/الأهمية المرتبطة به.,عنقريب: تعني سرير تقليدي سوداني مصنوع من الخشب والمحبوك بالحبال أو القماش. مثال: اتفضل استريح في العنقريب دا.,sudanese_lexicon_db
185,khartoum,تعبير شعبية,بنسبرين,تحدث عن بنسبرين في إقليم khartoum بالسودان والمعنى/الأهمية المرتبطة به.,بنسبرين: تعني الماء البارد جداً المصحوب بالراحة (تعبير شعبي عن الانتعاش). مثال: جيب لينا كباية موية مثلجة بنسبرين.,sudanese_lexicon_db
186,khartoum,أمر / حركة,أقيف على حيلك,تحدث عن أقيف على حيلك في إقليم khartoum بالسودان والمعنى/الأهمية المرتبطة به.,أقيف على حيلك: تعني قف وانتصب واقفاً. مثال: أقيف على حيلك سلم على الضيوف.,sudanese_lexicon_db
187,khartoum,سؤال شعبي,يا زول انتميت لشنو,تحدث عن يا زول انتميت لشنو في إقليم khartoum بالسودان والمعنى/الأهمية المرتبطة به.,يا زول انتميت لشنو: تعني ما هو أصلك أو وجهتك أو هدفك. مثال: يا زول انتميت لشنو في الموضوع دا؟.,sudanese_lexicon_db
188,khartoum,مشروبات وتراث,جبنة,تحدث عن جبنة في إقليم khartoum بالسودان والمعنى/الأهمية المرتبطة به.,جبنة: تعني قهوة سودانية تقليدية معتقة بالبهارات تُصنع في القلاية وتُصب في الفنجان. مثال: تعال نشرب الجبنة في الضلاية.,sudanese_lexicon_db
189,khartoum,تعبير عن المشاعر,سجم أمي,تحدث عن سجم أمي في إقليم khartoum بالسودان والمعنى/الأهمية المرتبطة به.,سجم أمي: تعني تعبير عن الصدمة أو الدهشة أو الحسرة. مثال: سجم أمي النور قطع تاني!.,sudanese_lexicon_db
190,khartoum,ترحيب / كرم,أبشر بالخير,تحدث عن أبشر بالخير في إقليم khartoum بالسودان والمعنى/الأهمية المرتبطة به.,أبشر بالخير: تعني عبارة تشجيع وتضامن وكرم سوداني أصيل. مثال: أبشر بالخير والكرامة، حاجتك مقضية.,sudanese_lexicon_db
191,khartoum,حنين / شعر,يا حليل أيام زمان,تحدث عن يا حليل أيام زمان في إقليم khartoum بالسودان والمعنى/الأهمية المرتبطة به.,يا حليل أيام زمان: تعني التغني بالحنين والاشتياق للماضي الجميلة. مثال: يا حليل أيام زمان واللمة الطيبة.,sudanese_lexicon_db
192,khartoum,عمارة تقليدية,راكوبة,تحدث عن راكوبة في إقليم khartoum بالسودان والمعنى/الأهمية المرتبطة به.,راكوبة: تعني مظلة مصنوعة من القش والحطب توفر الظل والبرودة. مثال: عدنا للجلسة تحت الراكوبة في العصرية.,sudanese_lexicon_db
193,khartoum,دعاء / تحية,قدامك العافية,تحدث عن قدامك العافية في إقليم khartoum بالسودان والمعنى/الأهمية المرتبطة به.,قدامك العافية: تعني دعاء للشخص بالشفاء والسلامة والخير. مثال: سلامتك يا أخي وقدامك العافية.,sudanese_lexicon_db
194,darfur,تحية,عوافي,تحدث عن عوافي في إقليم darfur بالسودان والمعنى/الأهمية المرتبطة به.,عوافي: تعني تحية السلام والراحة والصحة والعافية. مثال: عوافي عليكم يا أهل الدار.,sudanese_lexicon_db
195,darfur,حالة / وصف,شِدِيدْ,تحدث عن شِدِيدْ في إقليم darfur بالسودان والمعنى/الأهمية المرتبطة به.,شِدِيدْ: تعني بخير وصحة جيدة وقوة. مثال: كيف حالكم؟ - شديدين والحمد لله.,sudanese_lexicon_db
196,darfur,ترحيب,حَبَابَكْ فِيمَا جِئْتَ,تحدث عن حَبَابَكْ فِيمَا جِئْتَ في إقليم darfur بالسودان والمعنى/الأهمية المرتبطة به.,حَبَابَكْ فِيمَا جِئْتَ: تعني ترحيب كامل ومطلق بمقدم الضيف. مثال: حبابك فيما جئت ونورت الفاشر.,sudanese_lexicon_db
197,darfur,مكان / تراث,تَكَلْ,تحدث عن تَكَلْ في إقليم darfur بالسودان والمعنى/الأهمية المرتبطة به.,تَكَلْ: تعني المطبخ التقليدي المصنوع من القش والخشب للإعداد والمأكولات. مثال: الأكل جاهز في التكل تعالوا.,sudanese_lexicon_db
198,darfur,جغرافيا شعبية,الدامرة,تحدث عن الدامرة في إقليم darfur بالسودان والمعنى/الأهمية المرتبطة به.,الدامرة: تعني المستقر والقرية الموسمية للمستقرين والرعاة. مثال: وصلنا الدامرة قبل غروب الشمس.,sudanese_lexicon_db
199,darfur,جغرافيا شعبية,الفرقان,تحدث عن الفرقان في إقليم darfur بالسودان والمعنى/الأهمية المرتبطة به.,الفرقان: تعني جمع فريق، وهي أحياء ومجموعات منازل العائلات المترابطة. مثال: الفرقان في دارفور مترابطة وتشارك في كل المناسبات.,sudanese_lexicon_db
200,darfur,أواني ومأكولات,المَرْسُوعْ,تحدث عن المَرْسُوعْ في إقليم darfur بالسودان والمعنى/الأهمية المرتبطة به.,المَرْسُوعْ: تعني الطبق التقليدي المصنوع بعناية لتقديم عصيدة الدخن. مثال: قدموا العصيدة في المرسوع الكبيرة.,sudanese_lexicon_db
201,darfur,مأكولات شعبية,عصيدة الدخن,تحدث عن عصيدة الدخن في إقليم darfur بالسودان والمعنى/الأهمية المرتبطة به.,عصيدة الدخن: تعني الوجبة الرئيسة والتاريخية في دارفور المصنوعة من طحين الدخن الصحي. مثال: عصيدة الدخن مع المراس هي القوت الرئيسي.,sudanese_lexicon_db
202,darfur,كرم / تقاليد,الكَمَالتِي,تحدث عن الكَمَالتِي في إقليم darfur بالسودان والمعنى/الأهمية المرتبطة به.,الكَمَالتِي: تعني المكافأة أو العطاء الإضافي إكراماً وتقديراً. مثال: أعطاه الكمالتي فوق حقه إكراماً له.,sudanese_lexicon_db
203,darfur,اتجاهات / جغرافيا,دار صباح,تحدث عن دار صباح في إقليم darfur بالسودان والمعنى/الأهمية المرتبطة به.,دار صباح: تعني مصطلح يشير للخرطوم والمناطق الشرقية والوسطى بالسودان. مثال: مسافرين دار صباح الأسبوع الجاي.,sudanese_lexicon_db
204,kordofan,صفة / مدح,أَبُو جَالُوفْ,تحدث عن أَبُو جَالُوفْ في إقليم kordofan بالسودان والمعنى/الأهمية المرتبطة به.,أَبُو جَالُوفْ: تعني لقب يطلق على الرجل الشجاع والكريم القوي. مثال: ود أب جالوف ما برجع الضيف خايب.,sudanese_lexicon_db
205,kordofan,فنون وتراث,المردوم,تحدث عن المردوم في إقليم kordofan بالسودان والمعنى/الأهمية المرتبطة به.,المردوم: تعني الرقصة والغناء التراثي الإيقاعي الشهير في كردفان. مثال: ضربوا إيقاع المردوم في الحفلة والناس فرحانة.,sudanese_lexicon_db
206,kordofan,فنون وتراث,جَرَّارِي,تحدث عن جَرَّارِي في إقليم kordofan بالسودان والمعنى/الأهمية المرتبطة به.,جَرَّارِي: تعني نوع من الغناء والتراث البدوي الوجداني الأصيل بكردفان. مثال: غنى صوت الجراري في صحراء كردفان.,sudanese_lexicon_db
207,kordofan,طبيعة وزراعة,القُرَاضَة,تحدث عن القُرَاضَة في إقليم kordofan بالسودان والمعنى/الأهمية المرتبطة به.,القُرَاضَة: تعني الصمغ العربي الممتاز الناتج من أشجار الهشاب. مثال: كردفان هي موطن الصمغ العربي والقراضة الممتازة.,sudanese_lexicon_db
208,kordofan,أواني وتراث,البَخْسَة,تحدث عن البَخْسَة في إقليم kordofan بالسودان والمعنى/الأهمية المرتبطة به.,البَخْسَة: تعني وعاء تقليدي مصنوع من القرع اليابس لحفظ وتبريد اللبن الرائب. مثال: اللبن الرائب بارد في البخسة.,sudanese_lexicon_db
209,kordofan,ترحيب,حَبَابْ المَنْقُوقْ,تحدث عن حَبَابْ المَنْقُوقْ في إقليم kordofan بالسودان والمعنى/الأهمية المرتبطة به.,حَبَابْ المَنْقُوقْ: تعني أهلاً وسهلاً بالشخص العزيز القادم من سفر بعيد. مثال: حباب المنقوق اللي جانا بعد غيبة.,sudanese_lexicon_db
210,kordofan,طبيعة وزراعة,شَجَرَة الهَشَابْ,تحدث عن شَجَرَة الهَشَابْ في إقليم kordofan بالسودان والمعنى/الأهمية المرتبطة به.,شَجَرَة الهَشَابْ: تعني الشجرة التاريخية المصدرة لأجود أنواع الصمغ العربي في العالم. مثال: غابات الهشاب تمتد في عروس الرمل الأبيض.,sudanese_lexicon_db
211,kordofan,أواني وتراث,السَّعِينْ,تحدث عن السَّعِينْ في إقليم kordofan بالسودان والمعنى/الأهمية المرتبطة به.,السَّعِينْ: تعني قربة الجلد المصنوعة لحفظ الماء البارد أثناء التنقل. مثال: شربنا من السعين موية عذبة وباردة.,sudanese_lexicon_db
212,eastern,تحية / لغة بجاوية,دابايوا,تحدث عن دابايوا في إقليم eastern بالسودان والمعنى/الأهمية المرتبطة به.,دابايوا: تعني تحية السلام والترحيب بلغة البجا (البداويت) في شرق السودان. مثال: دابايوا بكل زائر لمدينة كسلا والشرق.,sudanese_lexicon_db
213,eastern,ترحيب بجاوي,دابايوا هَضَلْبَا,تحدث عن دابايوا هَضَلْبَا في إقليم eastern بالسودان والمعنى/الأهمية المرتبطة به.,دابايوا هَضَلْبَا: تعني مرحباً بكم وأهلاً وسهلاً بأعلى درجات الحفاوة. مثال: دابايوا هضلبا في جبال التاكا.,sudanese_lexicon_db
214,eastern,طبيعة وثقافة,السِّيفَابْ,تحدث عن السِّيفَابْ في إقليم eastern بالسودان والمعنى/الأهمية المرتبطة به.,السِّيفَابْ: تعني النسمات والرياح العليلة الباردة القادمة من جهة البحر والجبال. مثال: السيفاب عليل في عصريات كسلا.,sudanese_lexicon_db
215,eastern,صفة شعبية,السَّمْبَلْ,تحدث عن السَّمْبَلْ في إقليم eastern بالسودان والمعنى/الأهمية المرتبطة به.,السَّمْبَلْ: تعني الجمال والأناقة والهدوء في المشي والحركة. مثال: زول سمبل ومحترم في تعامله.,sudanese_lexicon_db
216,eastern,مشروبات وتراث,جَبَنَة الشَّرْقْ,تحدث عن جَبَنَة الشَّرْقْ في إقليم eastern بالسودان والمعنى/الأهمية المرتبطة به.,جَبَنَة الشَّرْقْ: تعني طريقة إعداد القهوة البجاوية في الجبنة الفخارية مع الزنجبيل والبهارات. مثال: جبنة الشرق بالزنجبيل ما ليها مثيل.,sudanese_lexicon_db
217,eastern,معالم ومعتقدات,جَبَل التَّاكَا,تحدث عن جَبَل التَّاكَا في إقليم eastern بالسودان والمعنى/الأهمية المرتبطة به.,جَبَل التَّاكَا: تعني المعلم الطبيعي والتاريخي الأبرز بمدينة كسلا بشرق السودان. مثال: جبل التاكا يزين مدينة كسلا الشامخة.,sudanese_lexicon_db
218,eastern,إدارة شعبية / أعراف,السِّدْرَة,تحدث عن السِّدْرَة في إقليم eastern بالسودان والمعنى/الأهمية المرتبطة به.,السِّدْرَة: تعني جلسة التسامح والشورى بين شيوخ القبائل لحل القضايا. مثال: اجتمع الشيوخ في السدرة لحل المشكلة بالود.,sudanese_lexicon_db
219,northern,تحية نوبية,مسكاقمي,تحدث عن مسكاقمي في إقليم northern بالسودان والمعنى/الأهمية المرتبطة به.,مسكاقمي: تعني تحية السلام بالنوبية (الدنقلاوية والمحسية والنوبين) وتعني: كيف حالكم؟. مثال: مسكاقمي يا أهلنا في دنقلا وحلفا.,sudanese_lexicon_db
220,northern,سؤال عن الحال,إيقا كويي,تحدث عن إيقا كويي في إقليم northern بالسودان والمعنى/الأهمية المرتبطة به.,إيقا كويي: تعني عبارة بالنوبية تعني: هل أنت بخير وبصحة جيدة؟. مثال: إيقا كويي؟ - الحمد لله كويي شديد.,sudanese_lexicon_db
221,northern,كلمات نوبية,إسي,تحدث عن إسي في إقليم northern بالسودان والمعنى/الأهمية المرتبطة به.,إسي: تعني الماء بالنوبية (الرطانة النوبية الأصيلة). مثال: جيب لينا إسي بارد نشرب.,sudanese_lexicon_db
222,northern,كلمات نوبية,إكسي,تحدث عن إكسي في إقليم northern بالسودان والمعنى/الأهمية المرتبطة به.,إكسي: تعني الطعام والعيش بالنوبية. مثال: الإكسي جاهز اتفضلوا للغداء.,sudanese_lexicon_db
223,northern,علاقات ومحبة,أميتي,تحدث عن أميتي في إقليم northern بالسودان والمعنى/الأهمية المرتبطة به.,أميتي: تعني الأخ أو الصديق العزيز بالنوبية. مثال: يا أميتي حبابك في بلدك.,sudanese_lexicon_db
224,northern,مهن وتراث,تربل,تحدث عن تربل في إقليم northern بالسودان والمعنى/الأهمية المرتبطة به.,تربل: تعني المزارع الصبور الفلاح المرتبط بالأرض والنيل في الشمال. مثال: التربل يصحى من الفجر لخدمة الجرف والنخيل.,sudanese_lexicon_db
225,northern,تراث وزراعة,السَّاقِيَة,تحدث عن السَّاقِيَة في إقليم northern بالسودان والمعنى/الأهمية المرتبطة به.,السَّاقِيَة: تعني الآلة المائية التاريخية المبتكرة في الشمال لرفع مياه النيل لزراعة الضفاف. مثال: صوت الساقية نغم سوداني أصيل في الشمال.,sudanese_lexicon_db
226,northern,زراعة وجغرافيا,الجُرُفْ,تحدث عن الجُرُفْ في إقليم northern بالسودان والمعنى/الأهمية المرتبطة به.,الجُرُفْ: تعني الأرض الخصبة المتاخمة لشاطئ النيل التي تظهر بعد انحسار الفيضان. مثال: زرعنا اللوبيا والخضار في الجرف.,sudanese_lexicon_db
227,northern,أدوات وتراث,الكُولِي,تحدث عن الكُولِي في إقليم northern بالسودان والمعنى/الأهمية المرتبطة به.,الكُولِي: تعني المفتاح الخشبي التقليدي للبيوت النوبية القديمة. مثال: قفل الباب بالكولي الخشبي القديم.,sudanese_lexicon_db
228,northern,ملاحة نيلية,القَرَقُورْ,تحدث عن القَرَقُورْ في إقليم northern بالسودان والمعنى/الأهمية المرتبطة به.,القَرَقُورْ: تعني الزورق والقارب الصغير المخصص للتنقل والصيد بالنيل. مثال: عبرنا النيل بالقرقور للضفة الغربية.,sudanese_lexicon_db
229,northern,تقاليد اجتماعية,التَّقَرّابْ,تحدث عن التَّقَرّابْ في إقليم northern بالسودان والمعنى/الأهمية المرتبطة به.,التَّقَرّابْ: تعني جلسة التآنس السمرية الشتوية حول النار والنخيل. مثال: اتجمعنا في التقّراب مع كبار السن نحكي القصص.,sudanese_lexicon_db
